Symbol,Profit,Price
AAL,7500,1.32
AAME,9200,4.83
AAOI,7700,8.52
AAON,7500,0.86
AAPC,8400,7.15
AAPL,9700,0.75
AAVL,3200,1.62
AAWW,3100,3.17
AAXJ,8400,4.51
ABAC,7800,5.66
ABAX,3100,9.38
ABCB,1600,2.98
ABCD,7400,3.82
ABCO,5000,9.96
ABCW,2400,6.11
ABDC,1500,5.98
ABEO,8900,2.46
ABEOW,700,0.06
ABGB,9800,6.85
ABIO,6500,3.61
ABMD,7500,2.06
ABTL,2600,1.68
ABUS,300,2.36
ABY,8700,9.78
ACAD,1100,9.91
ACAS,1000,8.03
ACAT,600,6.1
ACET,3200,2.36
ACFC,4000,3.75
ACGL,9900,7.31
ACHC,500,1.99
ACHN,7700,8.96
ACIW,5400,2.79
ACLS,7300,1.3
ACNB,9700,5.16
ACOR,3300,3.85
ACPW,8600,4.03
ACRX,3900,9.2
ACSF,4900,5.42
ACST,8200,3.52
ACTA,100,6.68
ACTG,1400,0.72
ACTS,7500,2.77
ACTX,4600,1.48
ACUR,6700,0.18
ACWI,9100,3.84
ACWX,1400,8.04
ACXM,4200,1.25
ADAP,5200,8.75
ADAT,3800,2.68
ADBE,8500,2.43
ADEP,4800,6.38
ADHD,500,0.01
ADI,1200,1.67
ADMA,9300,9.03
ADMP,1800,1.89
ADMS,6600,2.23
ADP,1800,6.63
ADRA,4800,9.64
ADRD,6400,4.88
ADRE,1100,6.11
ADRO,300,5.95
ADRU,100,1.69
ADSK,3500,9.41
ADTN,3500,8.31
ADUS,900,2.2
ADXS,7800,7.21
ADXSW,6200,6.21
AEGN,6600,2.18
AEGR,6900,3.82
AEHR,1200,4.1
AEIS,9300,4.23
AEMD,3300,6.44
AEPI,4500,5.06
AERI,5600,9.74
AETI,1500,0.13
AEY,5100,8.86
AEZS,5500,4.89
AFAM,300,7.83
AFCB,6800,2.29
AFFX,2000,4.39
AFH,2300,5.11
AFMD,4100,5.68
AFOP,1700,3.74
AFSI,200,2.36
AGEN,1000,3.45
AGFS,7700,4.94
AGFSW,8000,1.01
AGII,3000,4.39
AGIIL,9200,1.8
AGIO,3100,9.33
AGNC,7400,8.67
AGNCB,8400,1.28
AGNCP,3200,6.12
AGND,2200,0.95
AGRX,6900,0.2
AGTC,6300,9.53
AGYS,2000,7.73
AGZD,6500,9.99
AHGP,6900,0.39
AHPI,3500,2.34
AIMC,100,0.9
AIMT,4500,5.96
AINV,9800,5.09
AIQ,5000,8.37
AIRM,400,5.2
AIRR,3500,7.69
AIRT,3100,0.56
AIXG,6500,8.77
AKAM,9900,9.65
AKAO,9500,8.41
AKBA,1700,0.97
AKER,700,4.15
AKRX,2400,1.87
ALCO,3500,9.43
ALDR,7300,9.58
ALDX,4300,8.19
ALGN,200,0.43
ALGT,5400,3.72
ALIM,4900,2.3
ALKS,6400,3
ALLB,1300,3.35
ALLT,1300,5.38
ALNY,1500,1.15
ALOG,3500,7.53
ALOT,9600,7.29
ALQA,4000,7.17
ALRM,300,7.95
ALSK,9900,2.8
ALTR,6100,5.77
ALTY,6100,6.09
ALXA,7500,4.58
ALXN,2100,1.69
AMAG,9700,2.07
AMAT,8000,7.83
AMBA,9500,1.99
AMBC,2300,4.78
AMBCW,6400,6.05
AMCC,3000,7.05
AMCN,2600,7.13
AMCX,5100,0.82
AMD,3800,9.2
AMDA,4100,8.36
AMED,3200,8.94
AMGN,2600,1.19
AMIC,9100,6.43
AMKR,3300,5.66
AMNB,6400,3.77
AMOT,8000,8.74
AMOV,9900,3.68
AMPH,1300,1.25
AMRB,7000,6.46
AMRI,800,0.01
AMRK,1800,1.24
AMRN,1800,3.75
AMRS,700,5.78
AMSC,8400,3.08
AMSF,4200,1.34
AMSG,4000,5.6
AMSGP,6500,0.28
AMSWA,4300,5.45
AMTX,6900,7.56
AMWD,9800,4.13
AMZN,8100,1.53
ANAC,4900,8.5
ANAD,8600,0.01
ANAT,2900,6.47
ANCB,1200,5.45
ANCI,2100,7.61
ANCX,3800,1.43
ANDE,7900,5.87
ANGI,9200,1.96
ANGO,1300,5.39
ANIK,4600,2.61
ANIP,3500,8.95
ANSS,3400,9.2
ANTH,300,2.5
ANY,1200,5.49
AOSL,4500,0.95
APDN,6800,5.79
APDNW,7400,9.97
APEI,4100,8.53
APIC,1000,9.89
APOG,800,3.91
APOL,2900,5.94
APPF,4700,3.99
APPS,6100,7.91
APPY,8700,5.5
APRI,9400,6.28
APTO,2200,1.43
APWC,1600,1.78
AQMS,6000,5.55
AQXP,2300,6.23
ARAY,7400,4.57
ARCB,5500,2.77
ARCC,8600,9.79
ARCI,9600,8.96
ARCW,2300,4.05
ARDM,9700,0.8
ARDX,600,0.94
AREX,300,9.3
ARGS,7800,9.6
ARIA,5900,4.27
ARII,5200,6.46
ARIS,600,9.87
ARKR,400,5.36
ARLP,9900,4.75
ARMH,1300,4.83
ARNA,8000,7.89
AROW,1200,4.76
ARQL,5100,3.75
ARRS,5300,8.72
ARRY,2300,7.6
ARTNA,1200,1.97
ARTW,1300,2.73
ARTX,7500,2.93
ARWA,9000,9.33
ARWAR,6100,6.68
ARWAU,800,9.52
ARWAW,2200,9.78
ARWR,5600,4.61
ASBB,5800,4.58
ASBI,1400,2.73
ASCMA,7800,9.73
ASEI,1300,6.63
ASFI,6900,5.98
ASMB,500,5.5
ASML,8200,2.09
ASNA,9400,6.17
ASND,300,9.82
ASPS,6300,2.15
ASRV,6300,7.55
ASRVP,9600,5.98
ASTC,300,8.78
ASTE,1200,4.85
ASTI,1400,7.37
ASUR,1500,3.02
ASYS,1900,0.54
ATAI,4300,4.62
ATAX,6900,2.74
ATEC,5500,3.31
ATHN,6400,0.27
ATHX,9600,6.5
ATLC,7500,3.72
ATLO,7300,8.63
ATML,7600,7.4
ATNI,8900,1.4
ATNY,1400,2.78
ATOS,8500,9.87
ATRA,8500,0.15
ATRC,500,2.36
ATRI,5100,3.78
ATRM,9900,5.95
ATRO,1500,1.84
ATRS,7900,9.13
ATSG,400,1.66
ATTU,3800,5.09
ATVI,1900,6.69
AUBN,8200,6.04
AUDC,8000,8
AUMA,4200,4.64
AUMAU,200,2.41
AUMAW,6100,2.39
AUPH,5000,5.96
AVAV,2400,2.25
AVEO,3400,2.99
AVGO,8500,4.12
AVGR,2800,8.27
AVHI,5700,0
AVID,7300,4.42
AVNU,8200,2.03
AVNW,4000,9.21
AWAY,5400,6.49
AWRE,6700,7.75
AXAS,4200,0.03
AXDX,3300,7.71
AXGN,7100,7.02
AXPW,3300,3.59
AXPWW,3600,2.1
AXTI,6300,1.72
AYA,3600,6.1
AZPN,9600,8.12
BABY,5200,0.64
BAGR,3500,7.15
BAMM,2300,3.77
BANF,2300,1.03
BANFP,8200,0.85
BANR,5800,3.86
BANX,700,6.12
BASI,1100,7.16
BBBY,4600,3.86
BBC,2800,3.16
BBCN,1900,8.16
BBEP,7400,8.17
BBEPP,7800,7.73
BBGI,4600,0.68
BBLU,3600,9.66
BBOX,6800,2.52
BBP,6300,8.62
BBRG,8600,4.95
BBRY,8100,0.05
BBSI,5200,1.37
BCBP,7500,3.98
BCLI,5300,6.94
BCOM,1300,0.58
BCOR,600,3.89
BCOV,4600,1.28
BCPC,700,6.34
BCRX,4700,0.66
BDBD,9400,1.62
BDCV,5900,8.16
BDE,5100,0.91
BDGE,9300,6.7
BDMS,400,7.9
BDSI,2300,7.99
BEAT,6700,0.71
BEAV,7500,7.65
BEBE,3200,8.26
BECN,500,8.97
BELFA,4400,2.28
BELFB,3900,0.16
BFIN,2400,0.21
BGCP,800,4.53
BGFV,1900,2.1
BGMD,7400,1.59
BHAC,1800,6.51
BHACR,8800,8.67
BHACU,6100,8.16
BHACW,1300,7.37
BHBK,3300,3.65
BIB,3300,9.17
BICK,7800,7.37
BIDU,4200,8.4
BIIB,3000,2.54
BIND,200,3.48
BIOC,7800,6.74
BIOD,8800,8.27
BIOL,600,9.75
BIOS,3000,1.31
BIS,3800,0.68
BITI,4500,6.53
BJRI,5700,3.11
BKCC,8900,6.64
BKEP,8600,4.88
BKEPP,8200,1.63
BKMU,2700,1.31
BKSC,6500,5.75
BLBD,3700,7.56
BLCM,1500,6.5
BLDP,6800,9.58
BLDR,6400,1.05
BLFS,2200,2.16
BLIN,7400,9.98
BLKB,7500,8.53
BLMN,3300,4.73
BLMT,200,5.89
BLPH,6200,9.92
BLRX,9100,5.7
BLUE,9400,6.79
BMRC,8300,3.15
BMRN,5700,3.51
BMTC,7600,0.5
BNCL,5400,8.06
BNCN,3400,7.97
BNDX,1700,5.51
BNFT,2100,3.17
BNSO,3500,8.08
BNTC,4000,9.24
BNTCW,6400,7.99
BOBE,1500,4.5
BOCH,5100,3.21
BOFI,8800,0.36
BOJA,5300,1.88
BOKF,4300,8.2
BONA,300,5.68
BONT,5800,7.75
BOOM,8300,4.03
BOSC,1400,7.97
BOTA,700,8.26
BOTJ,7300,7.88
BPFH,5700,8.28
BPFHP,9100,6.14
BPFHW,7000,8.09
BPMC,4600,4.68
BPOP,8000,0.18
BPOPM,500,0.88
BPOPN,3600,2.82
BPTH,1100,1.69
BRCD,7100,1.91
BRCM,600,2.18
BREW,2900,8.76
BRID,8800,6.35
BRKL,5500,1.08
BRKR,2400,9.19
BRKS,7800,7.32
BSET,2500,4.08
BSF,8500,8.77
BSFT,8500,0.91
BSPM,7300,2.22
BSQR,8100,5.02
BSRR,9500,2.43
BSTC,1500,3.46
BUFF,3700,6.22
BUR,7200,8.24
BUSE,8700,7.8
BV,9200,2.45
BVA,4800,1.72
BVSN,9300,5.56
BVXV,2700,9.57
BVXVW,8600,8.9
BWEN,8500,1.01
BWFG,9200,1.73
BWINA,4300,5.43
BWINB,5200,9.58
BWLD,6300,9.02
BYBK,3500,1.86
BYFC,5000,3.83
BYLK,2400,7.78
BZUN,9000,1.72
CA,8600,4.74
CAAS,4500,4
CAC,9400,5.6
CACB,8200,7.35
CACC,3300,8.98
CACQ,6800,9.79
CADC,8800,0
CADT,1900,2.85
CADTR,8300,2.6
CADTU,100,5.66
CADTW,6200,0.27
CAFD,500,2.5
CAKE,8900,1.41
CALA,800,3.79
CALD,8500,5.31
CALI,6600,6.69
CALL,9000,3.08
CALM,9300,0.39
CAMB,2000,8.69
CAMBU,8100,8.54
CAMBW,1600,1.38
CAMP,2800,6.43
CAMT,1100,4.84
CAPN,8900,0.6
CAPNW,7600,4.98
CAPR,6800,9.67
CAPX,6700,3.79
CAR,4500,1.47
CARA,4100,7.19
CARB,7800,2.82
CARO,8100,2.47
CART,2100,3.06
CARV,5600,2.2
CARZ,7200,1.1
CASH,7900,6.15
CASI,8700,8.99
CASM,5200,7
CASS,1800,3.21
CASY,3200,6.49
CATB,6900,7.79
CATM,500,8.87
CATY,4300,5.9
CATYW,2200,8.18
CAVM,400,5.61
CBAK,600,8.93
CBAN,3200,3.14
CBAY,2600,6.09
CBF,3800,9.48
CBFV,200,0.26
CBIO,4700,5.06
CBLI,5300,2.72
CBMG,5900,2.28
CBMX,4100,8.94
CBNJ,8200,1.13
CBNK,1800,0.64
CBOE,8200,2.67
CBPO,9600,4.88
CBRL,2100,0.16
CBSH,8400,5.69
CBSHP,4200,0.13
CBYL,3300,1.5
CCBG,8700,3.02
CCCL,7200,8.91
CCCR,400,2.73
CCD,6200,8.92
CCIH,6800,8.87
CCLP,8700,7.15
CCMP,2700,8.84
CCNE,8900,5.26
CCOI,3400,4.01
CCRN,8800,8.53
CCUR,3600,9.55
CCXI,8700,4.76
CDC,3600,8.49
CDK,8900,9.15
CDL,9700,4.54
CDNA,2300,4.25
CDNS,3900,1.24
CDOR,5700,3.43
CDORO,3000,1.41
CDORP,5200,7.11
CDRB,9900,5.54
CDTI,5200,6.11
CDTX,3200,4.58
CDW,3600,0.68
CDXS,3200,9.72
CDZI,1600,2.18
CECE,2200,4.13
CECO,4000,0.09
CELG,2200,0.46
CELGZ,1500,9.46
CEMI,4300,4.3
CEMP,6400,5.64
CENT,1600,3.04
CENTA,7200,8.57
CENX,7000,3.97
CERE,9000,6.12
CERN,2100,9.82
CERS,3300,3.45
CERU,6600,5.58
CETC,300,6.92
CETV,1600,3.44
CETX,3300,9.38
CEVA,9400,0.73
CFA,5900,7.99
CFBK,6000,1.32
CFFI,1900,8.58
CFFN,8300,5.65
CFGE,5700,9.42
CFMS,8300,0.46
CFNB,3100,1.71
CFNL,1200,2.84
CFO,7900,8.56
CFRX,1800,2.25
CFRXW,400,1.13
CFRXZ,700,8.74
CG,9100,0.23
CGEN,8500,1.68
CGIX,9400,3.34
CGNT,7900,2.79
CGNX,2500,7.39
CGO,3200,8.29
CHCI,3100,9.32
CHCO,1900,3.64
CHDN,3400,0.29
CHEF,2900,4.99
CHEK,2600,8.55
CHEKW,4700,5.38
CHEV,1600,7.46
CHFC,9500,9.27
CHFN,1100,0.21
CHI,2300,0.54
CHKE,7600,7.14
CHKP,1300,2.41
CHLN,1600,2.5
CHMA,5400,8.24
CHMG,6500,9.64
CHNR,7700,1.53
CHOP,7000,4.6
CHRS,8500,6.43
CHRW,5900,8.64
CHSCL,7100,5.32
CHSCM,3500,8.63
CHSCN,9900,0.79
CHSCO,6200,2
CHSCP,300,7.97
CHTR,700,9.34
CHUY,3300,0.66
CHW,3000,1.8
CHY,6700,8.16
CIBR,7500,9.68
CID,5900,2.37
CIDM,6100,5.04
CIFC,6700,1.7
CIGI,3200,6.19
CIL,2800,1.94
CINF,1600,6.6
CISG,8400,9.96
CIVB,300,4.71
CIVBP,5400,7.8
CIZ,1400,1.45
CIZN,6700,6.3
CJJD,9400,4.73
CKEC,9900,1.91
CLBH,3200,6.11
CLBS,8300,6.81
CLCD,9600,6.58
CLCT,5600,9.58
CLDN,4300,0.39
CLDX,4600,9.09
CLFD,2000,2.04
CLIR,2700,5.15
CLLS,6700,9.06
CLMS,2200,8.09
CLMT,5500,1.53
CLNE,8900,7.61
CLNT,6100,9.07
CLRB,7100,5.12
CLRBW,3000,7.51
CLRO,6700,3.17
CLRX,3400,7.98
CLSN,3100,3.52
CLTX,1200,9.88
CLUB,5600,8.43
CLVS,5000,9.5
CLWT,7700,7.43
CMCO,1700,5.86
CMCSA,200,3.17
CMCSK,5900,3.5
CMCT,900,0.14
CME,3900,5.67
CMFN,4500,7.18
CMLS,4900,9.41
CMPR,5600,1.51
CMRX,3600,0.43
CMTL,6700,3.33
CNAT,9400,6.92
CNBKA,3000,4.99
CNCE,8800,3.83
CNET,1300,9.97
CNFR,6400,4.44
CNIT,8500,1.08
CNLM,8200,5.03
CNLMR,3500,0.17
CNLMU,2000,1.45
CNLMW,6500,3.77
CNMD,9500,0.43
CNOB,400,3.17
CNSL,1900,0.13
CNTF,1800,0.96
CNTY,3900,1.36
CNV,4300,1.11
CNXR,7300,5.62
CNYD,6600,1.73
COB,8300,7.26
COBZ,900,1.56
COHR,3300,1.04
COHU,6200,9.85
COKE,200,4.69
COLB,1700,3.2
COLL,4300,3.91
COLM,4200,6.38
COMM,4600,2.49
COMT,5600,6.93
CONE,9100,1.14
CONN,8900,2.79
COOL,8400,3.75
CORE,6900,7
CORI,8600,5.12
CORT,9400,8.36
COSI,1700,1.71
COST,7300,3.78
COVS,1300,2.16
COWN,9100,6.18
COWNL,9800,1.68
CPAH,800,8.73
CPGI,6400,6.64
CPHC,2700,0.09
CPHD,6400,0.26
CPHR,7800,0.24
CPIX,2800,6.9
CPLA,8200,2
CPLP,8900,9.48
CPRT,9800,6.37
CPRX,1000,4.36
CPSH,7100,4.91
CPSI,8200,9.77
CPSS,6900,6.14
CPST,4700,2.66
CPTA,8700,7.4
CPXX,6600,0.81
CRAI,9800,8.55
CRAY,5200,2.43
CRBP,6000,7.04
CRDC,8700,6.1
CRDS,4700,8.61
CRDT,8000,0.68
CREE,4500,6.72
CREG,9200,9.12
CRESY,4700,8.73
CRIS,4900,4.28
CRME,500,8.23
CRMT,300,2.75
CRNT,4100,4.57
CROX,9600,1.5
CRTN,800,1.79
CRTO,2600,3.87
CRUS,6700,4.24
CRVL,6400,8.92
CRWN,900,9.09
CRWS,5200,9.15
CRZO,6600,4.37
CSA,900,7.11
CSAL,9600,2.19
CSB,5300,5.27
CSBK,1300,1.7
CSBR,3700,1.92
CSCD,7100,3.81
CSCO,7900,0.11
CSF,4200,9.23
CSFL,4000,9.85
CSGP,800,3.64
CSGS,8600,0.01
CSII,1700,1.98
CSIQ,7700,3.09
CSOD,2400,3.34
CSPI,4100,2.3
CSQ,9900,9.14
CSTE,1900,5.76
CSUN,900,9.75
CSWC,6900,7.54
CTAS,7500,8.07
CTBI,2000,2.12
CTCM,3400,9.85
CTCT,900,1.23
CTG,5900,7.49
CTHR,8700,0.02
CTIB,2600,3
CTIC,2100,5.09
CTRE,6000,3.05
CTRL,7300,3.37
CTRN,2300,3.92
CTRP,6900,2.96
CTRV,7500,7.22
CTSH,9900,3.74
CTSO,4300,2.31
CTWS,9600,7.73
CTXS,6900,6.42
CU,6000,5.05
CUBA,8700,4.56
CUBN,2300,9.98
CUI,4800,7.52
CUNB,2200,1.11
CUR,4000,3.5
CUTR,7900,8.18
CVBF,1900,5.06
CVCO,8300,8.57
CVCY,5100,4.47
CVGI,8400,2.73
CVGW,5900,6.95
CVLT,4600,8.41
CVLY,4500,7.92
CVTI,9300,6.1
CVV,9700,4.1
CWAY,3200,3.16
CWBC,4600,7.5
CWCO,4000,9.75
CWST,3200,6.35
CXDC,4100,6.24
CXRX,8300,4.15
CXSE,3300,5.53
CY,700,2
CYAD,1000,3.79
CYAN,200,5.99
CYBE,4500,0.7
CYBR,4300,7.69
CYBX,7000,3.57
CYCC,500,2.79
CYCCP,700,0.83
CYHHZ,1700,0.89
CYNA,3700,6.12
CYNO,8900,9.11
CYOU,4600,8.23
CYRN,1200,6.64
CYRX,1500,6.5
CYRXW,2700,2.36
CYTK,9100,8.55
CYTR,3900,3.5
CYTX,6200,8.37
CZFC,8000,5.49
CZNC,7900,6.31
CZR,5900,2.97
CZWI,3500,8.18
DAEG,5600,8.15
DAIO,5700,5.15
DAKT,8200,6.71
DARA,2200,9.03
DATE,1300,7.85
DAVE,2000,3.86
DAX,7400,4.07
DBVT,3500,2.12
DCIX,7300,3.61
DCOM,7000,6.6
DCTH,4300,0.26
DELT,6400,6.85
DELTW,2500,4.29
DENN,6100,6.08
DEPO,2600,8.39
DERM,9800,3.59
DEST,5400,5.02
DFRG,4800,9.49
DFVL,9000,0.44
DFVS,3100,2.92
DGAS,7100,1.27
DGICA,6100,4.83
DGICB,9600,3.29
DGII,1600,3.33
DGLD,7600,4.51
DGLY,5400,2.52
DGRE,1300,3.58
DGRS,9000,2.99
DGRW,1400,7.32
DHIL,7100,9
DHRM,9300,9.24
DHXM,9400,6.57
DIOD,8000,3.92
DISCA,7600,1.86
DISCB,4900,8.25
DISCK,200,4.18
DISH,1300,0.94
DJCO,5100,3.06
DLBL,3500,0.21
DLBS,9900,0.26
DLHC,1400,9.83
DLTR,5000,9.13
DMLP,8200,3.7
DMND,5400,6.84
DMRC,4700,3.43
DNAI,2400,6.44
DNBF,3600,8.8
DNKN,5900,2.08
DORM,5400,1.38
DOX,6100,5.81
DPRX,2000,1.02
DRAD,5300,7.66
DRAM,7300,6.03
DRNA,9400,5.64
DRRX,9800,6.21
DRWI,4600,5.8
DRWIW,7200,7.92
DRYS,8700,3.5
DSCI,5000,1.9
DSCO,7600,0.15
DSGX,5300,3.85
DSKX,3700,6.44
DSKY,6600,1.24
DSLV,8500,5.05
DSPG,4100,7.28
DSWL,1400,6.02
DTEA,6000,3.72
DTLK,6000,3.84
DTSI,400,6.98
DTUL,6000,6.82
DTUS,6500,1.93
DTYL,9600,6.87
DTYS,6400,3.47
DVAX,3200,3.24
DVCR,9300,0.52
DWA,6100,5.47
DWAT,6400,8.48
DWCH,8900,4.29
DWSN,2600,6.48
DXCM,9700,0.04
DXGE,9300,1.9
DXJS,3000,4.98
DXKW,2900,7.87
DXLG,1500,2.14
DXM,7500,7.84
DXPE,4700,7.99
DXPS,400,5.21
DXYN,3700,2.43
DYAX,8500,1.25
DYNT,1000,5.52
DYSL,9000,4.51
EA,2600,0.55
EAC,9300,2.08
EACQU,4900,5.46
EARS,400,7.33
EBAY,7000,2.71
EBIO,1100,9.29
EBIX,9600,5.19
EBMT,9000,2.44
EBSB,5100,9.82
EBTC,9000,9.05
ECACU,1400,9.41
ECHO,5500,5.5
ECOL,1400,5.9
ECPG,4500,0.43
ECTE,1800,9.7
ECYT,5200,0.68
EDAP,1400,9.35
EDGW,500,4.45
EDUC,2400,6.22
EEFT,1600,9.3
EEI,7000,8.32
EEMA,4100,7.9
EEML,3700,7.73
EFII,8100,4.8
EFOI,8600,5.03
EFSC,5600,0.49
EFUT,7600,5.68
EGAN,6500,9.77
EGBN,5800,0.86
EGHT,5600,7.92
EGLE,5500,7.18
EGLT,2300,3.44
EGOV,8100,0.84
EGRX,8000,2.44
EGT,8900,5.56
EHTH,1200,4.1
EIGI,800,6.21
ELEC,6800,9.84
ELECU,5800,1.02
ELECW,100,7.1
ELGX,6200,5.04
ELNK,1500,6.3
ELON,7700,3.37
ELOS,8900,1.85
ELRC,400,4.35
ELSE,8600,0.81
ELTK,6000,3.43
EMCB,200,5.43
EMCF,1900,3.08
EMCG,7000,6.1
EMCI,6900,2.13
EMIF,2400,6.28
EMITF,4100,8.62
EMKR,2700,1.73
EML,6200,6.12
EMMS,2800,1.04
EMMSP,5300,9.5
ENDP,3400,8.91
ENFC,6400,3.62
ENG,7000,4.88
ENOC,8700,9.94
ENPH,4800,8.19
ENSG,4500,8.69
ENT,1000,3.21
ENTA,7800,1.57
ENTG,5100,9.78
ENTL,1900,5.64
ENVI,5000,9.04
ENZN,2600,4.17
ENZY,3000,5.86
EPAX,1100,3.54
EPAY,7600,8.37
EPIQ,300,4.57
EPIX,9600,1.98
EPRS,7900,2.72
EPZM,600,7.98
EQFN,5200,0.98
EQIX,1800,6.43
ERI,3300,6.13
ERIC,3100,0.48
ERIE,5900,2.94
ERII,3600,6.41
EROC,9700,9.96
ERS,3900,0.48
ERW,9900,9.72
ESBK,7800,9.37
ESCA,9800,5.87
ESCR,8400,8.79
ESCRP,3700,2.87
ESEA,7300,5.38
ESES,3100,8.51
ESGR,4700,9
ESIO,6600,0.25
ESLT,2900,2.44
ESMC,5200,7.69
ESND,9000,8.27
ESPR,9100,8.12
ESRX,7900,9.81
ESSA,4300,0.24
ESSX,8000,1.87
ESXB,6600,7.9
ETFC,5700,4.01
ETRM,9000,8.56
ETSY,1600,3.97
EUFN,8000,5.66
EVAR,3700,9.48
EVBS,6600,0.87
EVEP,900,7.05
EVK,3600,0.39
EVLV,2300,3.71
EVOK,6400,0.02
EVOL,8700,0.03
EWBC,8500,2.72
EXA,4500,7.93
EXAC,1000,5.53
EXAS,3900,8.9
EXEL,200,0.45
EXFO,7800,7.81
EXLP,6100,1.32
EXLS,7400,3.69
EXPD,4100,5.49
EXPE,7000,9.61
EXPO,2600,0.14
EXTR,6900,7.43
EXXI,2600,6.81
EYEG,5300,8.37
EYEGW,2400,5.81
EYES,4300,2.17
EZCH,8500,1.98
EZPW,2200,6.82
FALC,4400,2.1
FANG,8500,5.03
FARM,8800,3.59
FARO,900,8.03
FAST,2500,5.95
FATE,9400,5.71
FB,3000,5.87
FBIO,100,0.29
FBIZ,3400,7.14
FBMS,2500,7.33
FBNC,2200,5.74
FBNK,1400,3.43
FBRC,5800,1.14
FBSS,4500,5
FBZ,8700,0.14
FCA,1600,5.56
FCAN,7900,4.86
FCAP,7700,2.64
FCBC,1400,4.93
FCCO,9700,5.49
FCCY,9000,1.82
FCEL,8300,4.11
FCFP,5000,2.29
FCFS,400,7.24
FCLF,3100,7.66
FCNCA,6900,0.14
FCS,3200,1.81
FCSC,1500,6.44
FCTY,7300,9.97
FCVA,3500,5.35
FDEF,700,4.39
FDIV,9000,0.36
FDML,6800,6.63
FDUS,8700,9.35
FEIC,8100,6.91
FEIM,2600,7.3
FELE,5200,6.79
FEMB,5200,4.42
FENX,5100,8.35
FES,6700,7.72
FEUZ,1300,3.09
FEYE,9200,9.28
FFBC,5100,3.32
FFBCW,7700,2.73
FFHL,1100,7.28
FFIC,5900,9.12
FFIN,1300,2.46
FFIV,2400,1.02
FFKT,1800,2.88
FFNM,6500,9.24
FFNW,7600,8.72
FFWM,2000,0.93
FGEN,7300,9.38
FGM,300,5.76
FHCO,6200,8.67
FHK,7800,1.6
FIBK,3900,0.09
FINL,4900,7.96
FISI,9300,2.49
FISV,1900,6.27
FITB,7600,4.37
FITBI,200,1.69
FIVE,3400,4.98
FIVN,2500,3.2
FIZZ,4800,9.23
FJP,6200,1.12
FKO,8900,9.95
FKU,4900,8.99
FLAG,5600,1.61
FLAT,6500,3.5
FLDM,9200,2.51
FLEX,1500,2.38
FLIC,4300,7
FLIR,3100,5.48
FLKS,3300,9.95
FLL,6200,1.19
FLML,1800,4.48
FLWS,5400,2.74
FLXN,5100,6.1
FLXS,4500,9.56
FMB,9300,9.87
FMBH,7700,6.6
FMBI,5500,3.62
FMER,7400,9.13
FMI,6300,7.34
FMNB,1600,8.68
FNBC,1700,9.23
FNFG,2400,1.05
FNGN,1600,9.21
FNHC,2200,2.63
FNJN,3000,5.05
FNLC,3000,3.68
FNSR,3200,3.7
FNTC,6600,9.56
FNTCU,600,2.92
FNTCW,7600,4.73
FNWB,9800,9.06
FOGO,1500,0.38
FOLD,1700,9.08
FOMX,3800,3.87
FONE,600,6.12
FONR,2600,6.27
FORD,2100,9.35
FORM,7200,8.22
FORR,6700,6.99
FORTY,1200,7.66
FOSL,5600,2.73
FOX,7000,9.72
FOXA,8400,9.75
FOXF,2300,7.51
FPRX,3400,7.99
FPXI,2500,3.38
FRAN,6400,0.67
FRBA,8000,1.93
FRBK,5500,1.2
FRED,6800,2.13
FREE,300,2.54
FRGI,6600,0.12
FRME,5300,9.04
FRP,4100,6.5
FRPH,8700,8.68
FRPT,400,7.61
FRSH,4300,4.73
FSAM,5500,6.86
FSBK,3100,5.2
FSBW,5700,6.27
FSC,5100,0.57
FSCFL,7300,8.04
FSFG,1800,7.6
FSFR,9200,7.49
FSGI,6200,6.27
FSLR,3400,7.25
FSNN,8400,7.57
FSTR,5500,8.94
FSV,4900,9.78
FSYS,1700,2.73
FSZ,2600,7.5
FTCS,4200,5.29
FTD,8900,6.33
FTEK,4900,4.59
FTGC,9000,7.68
FTHI,3900,5.21
FTLB,5800,4.4
FTNT,8200,3.31
FTR,8500,0.6
FTRPR,2400,4.74
FTSL,9500,4.76
FTSM,3300,3.09
FTW,8500,2.61
FUEL,3300,9.15
FULL,9300,8.86
FULLL,500,9.91
FULT,3300,3.64
FUNC,1400,5.03
FUND,2300,0.3
FV,4100,7.92
FWM,7900,3.22
FWP,9500,1.3
FWRD,6900,5.56
FXCB,5500,1.72
FXEN,5400,0.65
FXENP,1600,9.85
GABC,6000,1.7
GAI,4400,5.56
GAIA,7600,5.59
GAIN,2100,1.46
GAINN,7500,7.69
GAINO,2300,9.94
GAINP,4000,6.24
GALE,9400,5.47
GALT,9000,5.03
GALTU,9000,5.7
GALTW,9200,0.39
GAME,1100,7.5
GARS,9200,6.1
GASS,4400,0.2
GBCI,2800,9.3
GBDC,5500,0.02
GBIM,9900,1.96
GBLI,2400,9.89
GBLIZ,2100,1.59
GBNK,100,6.69
GBSN,4800,1.23
GBT,6000,4.77
GCBC,4000,8.94
GCVRZ,9400,8.77
GDEF,6000,3.39
GDEN,2800,4.84
GENC,3100,9.72
GENE,9800,8.14
GEOS,9000,2.5
GERN,1300,9.58
GEVO,7500,6.8
GFED,600,9.25
GFN,6700,1.91
GFNCP,3000,5.66
GFNSL,2300,2.55
GGAC,5100,9.39
GGACR,6300,7.2
GGACU,9700,2.94
GGACW,300,4.55
GGAL,2600,3.1
GHDX,3300,0.55
GIFI,6800,9.08
GIGA,7700,8.41
GIGM,600,0.89
GIII,2400,9.93
GILD,8700,9.68
GILT,6400,9.04
GK,2000,3.72
GLAD,9400,1.71
GLADO,6700,0.58
GLBL,2900,1.13
GLBS,5600,5.42
GLBZ,8600,0.97
GLDC,2200,9.76
GLDD,4400,3.82
GLDI,4000,9.5
GLMD,9400,1.72
GLNG,5500,2.13
GLPG,900,5.95
GLPI,700,5.38
GLRE,2400,9.5
GLRI,6700,1.57
GLUU,8200,6.59
GLYC,9900,4.06
GMAN,1700,6.69
GMCR,7700,5.57
GMLP,5700,3.03
GNBC,6800,7.18
GNCA,9300,6.9
GNCMA,6700,6.24
GNMA,4700,9.81
GNMK,8000,4.23
GNTX,7600,0.46
GNVC,6800,0.92
GOGL,7200,1.3
GOGO,2000,4.47
GOLD,9300,2.56
GOMO,1900,3.32
GOOD,8700,8.6
GOODN,5500,6.21
GOODO,8700,3.97
GOODP,8600,1.66
GOOG,7100,4.78
GOOGL,6900,3.95
GPAC,400,2.6
GPACU,5300,9.79
GPACW,900,7.92
GPIA,4900,1.2
GPIAU,7100,1.97
GPIAW,6200,4.95
GPIC,9800,7.78
GPOR,5300,7.78
GPP,5000,1.41
GPRE,9800,1.9
GPRO,1200,9.73
GRBK,4100,3.84
GRFS,2100,1.52
GRID,7400,9.19
GRIF,4000,9.34
GRMN,8300,0.54
GROW,6500,1.32
GRPN,900,7.65
GRSHU,7800,6.16
GRVY,1800,6.74
GSBC,8700,6.46
GSIG,4000,5.2
GSIT,9000,8.13
GSM,5100,6.99
GSOL,6500,9.48
GSVC,3900,7.07
GT,1200,9.68
GTIM,6100,4.33
GTLS,9000,1.1
GTWN,7000,2.54
GTXI,9300,2.02
GUID,2700,0.87
GULF,3700,4.41
GULTU,7000,0.83
GURE,9300,4
GWGH,2100,4.85
GWPH,1200,8.74
GYRO,1700,1.42
HA,8600,8.77
HABT,2200,1.78
HAFC,2100,0.83
HAIN,8900,9.09
HALL,9500,6.57
HALO,7500,1.03
HART,100,5.33
HAS,4900,0.71
HAWK,4000,7.89
HAYN,5000,8.07
HBAN,400,1.14
HBANP,5400,5.93
HBCP,2900,0.74
HBHC,1100,2.26
HBHCL,7300,2.77
HBIO,7400,0.99
HBK,8700,2.94
HBMD,6600,9.61
HBNC,2400,4.41
HBP,5900,6.25
HCACU,9600,3.78
HCAP,3800,7.39
HCAPL,800,4.27
HCBK,5100,9.82
HCCI,600,7.06
HCKT,7500,0.7
HCOM,5200,7.64
HCSG,5100,4.99
HDNG,5400,7.13
HDP,8200,3.7
HDRA,2400,6.15
HDRAR,7800,8.85
HDRAU,3400,2.65
HDRAW,3400,9.27
HDS,4900,5.24
HDSN,1000,4.29
HEAR,3300,6.6
HEES,5200,6.38
HELE,5900,0.14
HEOP,7800,1.69
HFBC,300,7.47
HFBL,2900,0.13
HFFC,9200,8.79
HFWA,3400,9.03
HGSH,8800,9.92
HIBB,3900,6.28
HIFS,3200,6.7
HIHO,900,9.93
HIIQ,1800,0.01
HILL,5100,5.09
HIMX,5200,0.98
HKTV,4500,9
HLG,6900,8.04
HLIT,2300,2.97
HMHC,5500,7.34
HMIN,7300,8.82
HMNF,6900,2.09
HMNY,1300,8.05
HMPR,2800,1.29
HMST,3700,2.96
HMSY,5100,0.09
HMTV,2000,9.79
HNH,3300,7.92
HNNA,4500,2.9
HNRG,3000,7.69
HNSN,3900,3.96
HOFT,8300,3.07
HOLI,4900,4.58
HOLX,4500,9.23
HOMB,6200,8.51
HOTR,8600,6.17
HOTRW,1900,6.24
HOVNP,9700,2.57
HPJ,8500,3.97
HQCL,3800,2.88
HQY,5000,7.63
HRMN,3000,2.94
HRMNU,3800,1.09
HRMNW,4600,5.09
HRTX,2200,8.62
HRZN,1500,4.27
HSGX,7600,6.68
HSIC,1300,8.44
HSII,7300,7.82
HSKA,8700,2.67
HSNI,1300,3.01
HSON,8700,8.29
HSTM,800,3.91
HTBI,200,1.32
HTBK,9900,9.34
HTBX,9700,1.31
HTCH,4700,0.21
HTGM,8900,4.58
HTHT,4200,1.39
HTLD,7000,3.62
HTLF,9400,7.76
HTWR,1500,1.7
HUBG,2700,6.05
HURC,4700,5.89
HURN,3200,2.1
HWAY,4100,3.44
HWBK,3000,5.28
HWCC,4600,9.29
HWKN,9000,5.86
HYGS,500,3.81
HYLS,3100,7.38
HYND,2500,7.37
HYZD,600,6.27
HZNP,7600,7.84
IACI,9600,3.34
IART,6400,0.78
IBB,100,9.42
IBCP,8200,5.44
IBKC,1000,4.17
IBKCP,3000,0.67
IBKR,1100,2.83
IBOC,9200,1.47
IBTX,5900,5.72
ICAD,5300,2.67
ICBK,8000,5.99
ICCC,600,2.22
ICFI,8500,0.63
ICLD,4800,3.75
ICLDW,8300,6.47
ICLN,8600,0.42
ICLR,8800,8.31
ICON,2900,8
ICPT,9800,8.03
ICUI,2800,5.35
IDCC,1900,7.27
IDRA,7200,8.37
IDSA,3900,9.9
IDSY,7300,7.44
IDTI,9000,3.62
IDXX,4200,7.46
IEP,3900,3.46
IESC,4300,2.9
IEUS,8100,7.92
IFEU,9000,9.01
IFGL,3700,2.08
IFON,9600,1.22
IFV,9900,1.66
IGLD,8200,8.94
IGOV,4300,9.17
III,600,2.66
IIIN,3400,9.52
IIJI,9800,2.9
IILG,900,6.48
IIN,9400,4.56
IIVI,7400,4.82
IKAN,3000,8.12
IKGH,5400,2.39
IKNX,2500,8.84
ILMN,300,9.96
IMDZ,8200,9.29
IMGN,7200,6.58
IMI,8300,8.83
IMKTA,7300,5.63
IMMR,4400,8.38
IMMU,600,7.59
IMMY,1200,5.56
IMNP,1900,7.48
IMOS,3000,8.48
INAP,9400,7.88
INBK,9000,9.51
INCR,9500,3.4
INCY,3900,7.92
INDB,2400,1.88
INDY,900,9.97
INFI,5100,8.43
INFN,7000,4.25
INGN,700,8.88
ININ,5200,4.48
INNL,8700,7.04
INO,4400,3.43
INOD,9700,7.99
INOV,8200,1.28
INPH,1500,1.49
INSM,8400,1.66
INSY,2900,1.12
INTC,6300,5.98
INTG,4200,5.06
INTL,4100,9.88
INTLL,2700,8.52
INTU,8200,9.37
INTX,9800,0.95
INVE,7500,1.72
INVT,1100,8.09
INWK,5200,4.26
IOSP,6800,4.19
IPAR,7700,1.6
IPAS,6000,4.16
IPCC,3600,2.46
IPCI,700,5.46
IPCM,2200,1.94
IPDN,8100,6.48
IPGP,9900,0.49
IPHS,2300,1.56
IPKW,2400,4.39
IPWR,7500,9.8
IPXL,8600,1.29
IQNT,700,9.2
IRBT,100,3.2
IRCP,4000,5.27
IRDM,6800,3.9
IRDMB,8700,8.47
IRG,2400,3.67
IRIX,1500,6
IRMD,6500,5.71
IROQ,9200,8.69
IRWD,4900,7.15
ISBC,7800,2.24
ISCA,7000,1.05
ISHG,1300,1.13
ISIG,600,0.23
ISIL,3800,3.12
ISIS,4900,2.25
ISLE,4200,5.34
ISM,2000,1.41
ISNS,9100,5.12
ISRG,4000,3.88
ISRL,6900,0.11
ISSC,7600,7.7
ISSI,1500,6.26
ISTR,3800,7.05
ITCI,6000,3.41
ITEK,5100,0.38
ITIC,5600,1.09
ITRI,3600,5.85
ITRN,700,1.4
ITUS,2700,6.19
IVAC,6700,1.5
IVTY,9600,1.15
IXYS,1000,0.5
JACK,5700,4.8
JAGX,9300,4.48
JAKK,9700,5.91
JASN,3000,1.52
JASNW,7600,0.89
JASO,6500,3.8
JAXB,3500,9.93
JAZZ,6300,3.87
JBHT,6300,2.92
JBLU,900,1.56
JBSS,3600,6.36
JCOM,6900,9.23
JCS,5700,1.22
JCTCF,4100,8.97
JD,3100,0.65
JGBB,9100,0.69
JIVE,2700,2.63
JJSF,7900,7.64
JKHY,3400,1.39
JMBA,6600,1.02
JNP,3600,8.01
JOBS,9800,0.49
JOEZ,7700,4.15
JOUT,5100,0.95
JRJC,7800,7.37
JRVR,7400,3.68
JSM,8100,7.01
JST,3000,7.53
JTPY,8000,2.73
JUNO,3400,1.1
JVA,8900,6.53
JXSB,6300,9.58
JYNT,6900,9.71
KALU,1200,1.92
KANG,800,0.49
KBAL,4600,2.71
KBIO,6000,0.81
KBSF,4500,1.27
KCAP,400,4.06
KCLI,8600,5.55
KE,3000,1.58
KELYA,4300,1.67
KELYB,8400,7.73
KEQU,6500,6.68
KERX,9300,5.51
KEYW,3600,9.29
KFFB,4500,4.84
KFRC,1700,5.18
KGJI,6000,4.8
KHC,1000,9.93
KIN,2600,3.88
KINS,5900,4.89
KIRK,2300,2.87
KITE,4000,4.17
KLAC,2000,5.58
KLIC,400,5.98
KLXI,5300,7.51
KMDA,6300,0.36
KMPH,7400,1.59
KNDI,1400,7.11
KONA,6300,8.76
KONE,5400,6
KOOL,4200,5.26
KOPN,8600,9.66
KOSS,900,6.13
KPTI,5000,3.78
KRNT,6500,7.82
KRNY,4000,0.23
KTCC,8100,4.51
KTEC,700,4.93
KTOS,3100,9
KTWO,2500,0.34
KUTV,8500,2.52
KVHI,9800,4.13
KWEB,2100,6.63
KYTH,600,0.16
KZ,3500,8.76
LABC,5200,0.94
LABL,6800,0.06
LAKE,7000,6.07
LALT,7900,6.81
LAMR,9000,9.3
LANC,2300,7.7
LAND,8500,2
LARK,9000,2.58
LAWS,4300,0.15
LAYN,5200,6.1
LBAI,7500,6.54
LBIO,6200,3.4
LBIX,2500,9.18
LBRDA,3400,6.53
LBRDK,4600,0.17
LBTYA,8800,7.28
LBTYB,7400,3.52
LBTYK,6700,4.64
LCNB,2300,4
LCUT,6400,4.51
LDRH,8500,4.51
LDRI,5900,6.11
LE,3800,2.37
LECO,1700,2.83
LEDS,4800,7.14
LENS,6100,6.82
LFUS,5700,4.19
LFVN,3600,9.07
LGCY,2300,2.59
LGCYO,700,5.73
LGCYP,500,0.26
LGIH,8000,6.52
LGND,9300,6.26
LHCG,200,1.16
LIFE,4900,1.55
LILA,1100,5.53
LILAK,3600,7.39
LIME,9200,0.35
LINC,5800,8.39
LIND,2100,3.25
LINDW,6200,9.73
LINE,3900,7.9
LION,4300,4.89
LIOX,1500,6.27
LIQD,7100,4.97
LITE,2000,7.69
LIVE,6500,7.64
LJPC,8100,9.69
LKFN,1000,5.06
LKQ,8100,4.15
LLEX,6300,3.19
LLNW,5400,1.69
LLTC,4700,7.18
LMAT,8200,5.65
LMBS,4600,8.7
LMCA,3700,5.33
LMCB,2600,3.86
LMCK,6600,6.01
LMIA,3400,5.14
LMNR,7800,1.35
LMNS,2800,9.33
LMNX,5800,5.4
LMOS,4000,4.56
LMRK,8600,2.11
LNCE,1600,6.91
LNCO,5700,4.34
LNDC,7000,3.9
LNTH,2500,6.02
LOAN,7900,1.85
LOB,9600,0.66
LOCO,4300,8.26
LOGI,9100,5.32
LOGM,5100,2.64
LOJN,400,5.58
LONG,6500,3.33
LOOK,2000,3.92
LOPE,6000,0.9
LORL,1100,7.13
LOXO,6700,1.72
LPCN,4500,8.35
LPLA,900,7.54
LPNT,6200,6.31
LPSB,8200,5.68
LPSN,9600,0.91
LPTH,5000,0.88
LPTN,7700,4.46
LQDT,5400,5.39
LRAD,4200,1.1
LRCX,1200,7.22
LSBG,400,6.15
LSBK,600,7.79
LSCC,5700,6.68
LSTR,5400,6.86
LTBR,6200,8.65
LTRPA,9300,5.24
LTRPB,4900,2.06
LTRX,4300,8.19
LTXB,3100,1.62
LULU,7700,6.69
LUNA,6300,9.45
LVNTA,5600,2.24
LVNTB,6000,2.19
LWAY,600,2.6
LXRX,9500,5.23
LYTS,3600,5.08
MACK,1300,7.19
MAGS,800,7.97
MAMS,8900,3.45
MANH,6800,2.45
MANT,6900,7.99
MAR,1100,7.09
MARA,4600,4.02
MARK,1200,2.36
MARPS,7700,6.85
MASI,7400,1.58
MAT,6300,5.48
MATR,6400,0.45
MATW,700,6.83
MAYS,2300,0.51
MB,8400,2.97
MBCN,4500,5.32
MBFI,5100,3.36
MBFIP,8200,1.63
MBII,6000,8.13
MBLX,7800,9.47
MBRG,400,5.18
MBSD,2500,4.18
MBTF,3200,0.55
MBUU,4500,0
MBVT,3800,4.91
MBWM,4300,4.99
MCBC,3700,0.57
MCBK,3900,9.31
MCEP,8600,6.65
MCFT,100,3.86
MCHP,9000,2.06
MCHX,6500,4.77
MCOX,100,7
MCRB,4000,1.89
MCRI,9000,9.52
MCUR,8100,9.73
MDAS,9000,4.64
MDCA,1300,6.75
MDCO,9200,3.87
MDGS,5500,4.6
MDIV,4400,0.69
MDLZ,5700,2.05
MDM,1800,5.93
MDRX,400,2.08
MDSO,5200,3.36
MDSY,3500,4.41
MDVN,6500,9.94
MDVX,2600,7.09
MDVXW,3200,2.07
MDWD,2700,5.89
MDXG,2700,5.27
MEET,5500,9.75
MEIL,8100,9.92
MEILW,9300,1.92
MEILZ,4900,4.52
MEIP,6100,6.61
MELA,6800,1.34
MELI,4700,0.28
MELR,6100,9.12
MEMP,8800,5.03
MENT,8200,9.93
MEOH,3900,6.8
MERC,4100,3.3
MESG,6000,5.84
METR,5400,9.06
MFLX,3000,2.26
MFNC,8500,4.57
MFRI,2100,1.18
MFRM,1100,1.76
MFSF,1200,9.21
MGCD,1700,2.08
MGEE,5100,6.78
MGI,1900,6.09
MGIC,7400,6.65
MGLN,8400,1.33
MGNX,7900,0.05
MGPI,700,6.81
MGRC,2700,7.84
MGYR,6800,7.81
MHGC,7900,6.01
MHLD,900,4.8
MHLDO,5700,7.57
MICT,4200,8.93
MICTW,6600,5.67
MIDD,8400,0.03
MIFI,6500,8.16
MIK,4200,5.43
MIND,4200,3.57
MINI,6100,2.57
MITK,5400,1.88
MITL,3100,8.55
MKSI,5500,9.99
MKTO,3400,4.64
MKTX,9300,8.89
MLAB,2200,0.73
MLHR,9300,1.91
MLNK,6900,3
MLNX,2100,4.31
MLVF,4500,9.78
MMAC,2700,3.17
MMLP,2100,2.67
MMSI,3300,7.57
MMYT,6200,1.67
MNDO,4800,2.86
MNGA,3800,6.96
MNKD,3100,1.03
MNOV,300,6.53
MNRK,7800,4.65
MNRO,9600,0.09
MNST,2200,4.05
MNTA,4400,3.9
MNTX,4500,2.93
MOBI,6900,4.63
MOBL,4200,1.36
MOCO,6500,0.05
MOFG,6400,2.06
MOKO,2300,6.91
MOLG,800,0.95
MOMO,2600,8.62
MORN,2000,2.3
MOSY,700,7.03
MPAA,3200,6.56
MPB,4700,9.89
MPEL,5900,2.88
MPET,8900,2.24
MPWR,2000,1.07
MRCC,6700,1.45
MRCY,5500,6.15
MRD,500,2.46
MRGE,8900,1.76
MRKT,8000,8.53
MRLN,2900,3.33
MRNS,6200,1.89
MRTN,1200,8.57
MRTX,5100,0.51
MRVC,7200,9.77
MRVL,4700,6.83
MSBF,3700,8.33
MSCC,6500,3.57
MSEX,6700,7.68
MSFG,2400,3.02
MSFT,9500,3.24
MSLI,6400,8.73
MSON,3600,0.19
MSTR,9000,5.13
MTBC,4700,0.24
MTEX,2500,5.84
MTGE,7300,8.57
MTGEP,2900,1.39
MTLS,1800,7.37
MTRX,9200,0.6
MTSC,4200,4.75
MTSI,8000,9.57
MTSL,7100,7.63
MTSN,2000,2.28
MU,2500,7.17
MULT,5400,8.3
MVIS,400,9.2
MXIM,4500,4.29
MXWL,9300,0.05
MYGN,9400,2.85
MYL,2400,0.57
MYOS,4500,8.94
MYRG,6600,9.88
MZOR,4500,7.05
NAII,5300,0.65
NAME,3800,9.84
NANO,1400,5.61
NATH,8000,9.84
NATI,3300,5.82
NATL,6000,8.96
NATR,9100,6.77
NAUH,4300,4.67
NAVG,9200,2.16
NAVI,900,3.07
NBBC,2500,4.33
NBIX,1100,3.54
NBN,200,9.4
NBTB,5100,4.37
NCIT,1300,3.71
NCLH,100,4.09
NCMI,3000,9.3
NCOM,5600,2.77
NCTY,8000,8.64
NDAQ,2300,3.02
NDLS,3400,5.21
NDRM,6700,8.65
NDSN,8000,7.63
NECB,600,0.78
NEO,6800,8.21
NEOG,5800,0.09
NEON,9200,9.63
NEOS,6500,9.8
NEOT,9200,7.27
NEPT,1000,9.47
NERV,3600,9.23
NETE,9100,7.33
NEWP,4200,7.39
NEWS,4600,4.1
NEWT,3100,4.19
NFBK,4800,6.91
NFEC,4100,5.11
NFLX,7300,6.91
NGHC,9400,3.24
NGHCO,800,5.07
NGHCP,2900,4.31
NGHCZ,500,7.11
NHLD,2800,1.13
NHTC,8900,4.93
NICE,2000,6.45
NICK,1300,2.86
NIHD,4500,1.85
NILE,5900,1.68
NK,400,3.17
NKSH,9200,3.02
NKTR,5100,1.68
NLNK,1100,0.63
NLST,8500,7.67
NMIH,7700,2.23
NMRX,200,1.09
NNBR,3500,1.4
NPBC,1100,8.78
NRCIA,6000,2.82
NRCIB,200,5.91
NRIM,8700,8.31
NRX,4400,2.45
NSEC,4100,1.18
NSIT,8200,1.52
NSPH,6600,0.04
NSSC,5100,0.33
NSTG,8800,7.26
NSYS,1700,2.28
NTAP,7900,3.58
NTCT,6600,8.82
NTEC,6700,9.06
NTES,4200,9.3
NTGR,400,7.39
NTIC,200,7.71
NTK,9500,0.97
NTLS,2400,5.21
NTRA,3800,9.1
NTRI,5400,3.93
NTRS,6400,5.52
NTRSP,6100,4.06
NTWK,8300,1.31
NUAN,4600,2.96
NURO,6000,7.85
NUROW,7400,9.29
NUTR,5900,3.95
NUVA,5200,7.84
NVAX,4600,7.55
NVCN,1100,0
NVDA,5300,2.52
NVDQ,9800,0.14
NVEC,1600,7.38
NVEE,4400,9.15
NVET,5500,7.23
NVFY,3500,5.91
NVGN,3000,1.95
NVIV,3500,4.95
NVLS,800,1.93
NVMI,2200,0.88
NVSL,9000,0.47
NWBI,5000,0.54
NWBO,3400,4.96
NWBOW,3000,0.82
NWFL,5700,8.33
NWLI,1800,8.19
NWPX,2600,4.56
NWS,2400,7.29
NWSA,6200,9.17
NXPI,5800,2.51
NXST,3000,1.94
NXTD,7100,4.03
NXTDW,400,1.66
NXTM,200,1.75
NYMT,6600,9.36
NYMTO,8300,3.01
NYMTP,900,2.52
NYMX,6700,9.42
NYNY,1600,9.74
OBAS,5300,7.36
OBCI,8900,1.77
OCAT,3400,4.87
OCC,400,5.22
OCFC,2900,6.67
OCLR,5300,3.59
OCLS,1100,9.65
OCLSW,9700,3.8
OCRX,1800,7.54
OCUL,9500,6.79
ODFL,5300,4.99
ODP,7100,7.05
OESX,7800,7.48
OFED,3600,5.68
OFIX,8200,8.06
OFLX,6700,1.54
OFS,3000,1.71
OGXI,4500,9.87
OHAI,1200,0.18
OHGI,6400,6.36
OHRP,5300,3.73
OIIM,3100,9.19
OKSB,5900,3.81
OLBK,8700,0.04
OLED,200,7.19
OLLI,2500,3.81
OMAB,6200,4.87
OMCL,1000,6.33
OMED,3500,4.16
OMER,5700,3.3
OMEX,7300,8.67
ON,7000,6.05
ONB,8300,0.03
ONCE,9400,8.04
ONCS,1900,8.95
ONCY,2000,2.33
ONEQ,7500,2.87
ONFC,7200,2.11
ONTX,7700,0.07
ONTY,6900,6.53
ONVI,6400,9.21
OPB,8300,6.46
OPGN,3800,5.53
OPGNW,6200,5.69
OPHC,9900,3.45
OPHT,8900,0.07
OPOF,9400,1.05
OPTT,700,5.78
OPXA,8500,1.54
OPXAW,600,0.36
ORBC,8700,9.72
ORBK,7500,9.96
OREX,7400,1.62
ORIG,4700,5.31
ORIT,9800,0.57
ORLY,800,1.68
ORMP,9800,1.93
ORPN,900,6.89
ORRF,5400,4.03
OSBC,2500,6.19
OSBCP,8800,6.79
OSHC,7700,9.59
OSIR,5400,4.84
OSIS,4200,8.92
OSM,5200,6.22
OSN,3100,2.81
OSTK,7700,0.68
OSUR,9100,8.63
OTEL,6600,1.67
OTEX,900,2.52
OTIC,2100,7.83
OTIV,8100,9.86
OTTR,1900,6
OUTR,3900,2.28
OVAS,3100,7.16
OVBC,2400,2.11
OVLY,1900,1.47
OVTI,1800,7.99
OXBR,8400,3.21
OXBRW,4200,5.48
OXFD,4300,8.17
OXGN,1100,4.26
OXLC,3100,0.2
OXLCN,700,7.32
OXLCO,5700,0.53
OZRK,4200,7.1
PAAS,8500,2.37
PACB,5800,2.75
PACW,7500,8.46
PAGG,3400,6.61
PAHC,8800,7.75
PANL,300,7.78
PARN,7000,5.88
PATI,3300,5.27
PATK,8100,1.97
PAYX,4600,3.49
PBCP,4000,2.6
PBCT,1300,6.92
PBHC,1800,2.97
PBIB,9100,7.02
PBIP,7300,2.22
PBMD,8100,4.45
PBPB,4000,4.23
PBSK,1200,5.43
PCAR,8200,7.88
PCBK,1000,2.76
PCCC,9000,6.73
PCH,1100,8.28
PCLN,2500,9.25
PCMI,6000,3.24
PCO,3000,7.08
PCOM,1700,5.94
PCRX,5500,7.11
PCTI,700,3.11
PCTY,5700,2.87
PCYG,3600,1.2
PCYO,4800,3.06
PDBC,2000,0.18
PDCE,6900,0.75
PDCO,3000,5.45
PDEX,6400,0.57
PDFS,600,9.59
PDII,7700,2.46
PDLI,8100,7.62
PDVW,1200,8.36
PEBK,1500,6.86
PEBO,3400,5.38
PEGA,8800,4.86
PEGI,5200,9.61
PEIX,3300,8.8
PENN,9200,3.86
PERF,7100,7.32
PERI,6200,7.46
PERY,300,8.43
PESI,5600,4.37
PETS,5200,2.17
PETX,4600,8.79
PFBC,9900,2.91
PFBI,3500,4.75
PFBX,3500,6.32
PFIE,3000,0.04
PFIN,2100,6.67
PFIS,2900,7.88
PFLT,9600,3.95
PFMT,7700,5.17
PFPT,700,4.31
PFSW,2200,2.08
PGC,4600,6.44
PGLC,2000,0.45
PGNX,4300,7.65
PGTI,5700,5.93
PHII,5900,7.32
PHIIK,5100,1.34
PHMD,3300,2.72
PICO,200,8.85
PIH,1200,8.39
PINC,3400,0.75
PIRS,6000,3.93
PKBK,5100,3.83
PKOH,6700,3.07
PLAB,3300,2.98
PLAY,2400,4.5
PLBC,1200,9.33
PLCE,4400,9.71
PLCM,7000,0.61
PLKI,6200,1.12
PLNR,6800,2.52
PLPC,4600,3
PLPM,7500,4.63
PLTM,2200,8.29
PLUG,8300,7.59
PLUS,2100,1.55
PLXS,1600,2.6
PMBC,5700,4.38
PMCS,8500,1.51
PMD,6900,8.48
PME,3900,5.69
PNBK,8100,9.28
PNFP,9500,9.48
PNNT,2000,9.8
PNQI,4700,0.58
PNRA,2100,7.78
PNRG,4700,5.14
PNTR,1300,7.22
PODD,7500,7.14
POOL,3700,3.67
POPE,7900,9.19
POWI,6400,5.25
POWL,3300,6.61
POZN,6800,2.74
PPBI,9900,1.12
PPC,3700,0.78
PPHM,7400,8.26
PPHMP,1100,5.66
PPSI,6100,7.95
PRAA,6900,2.08
PRAH,5500,2.04
PRAN,4700,6.73
PRCP,9600,4.15
PRFT,7300,7.39
PRFZ,4400,9.12
PRGN,4800,6.37
PRGNL,300,6.8
PRGS,4100,9.12
PRGX,300,3.04
PRIM,6800,5.63
PRKR,6200,3.19
PRMW,2200,9.27
PROV,9800,6.86
PRPH,4200,8.12
PRQR,6400,2.14
PRSC,6900,3.79
PRSN,4600,8.68
PRSNW,5600,5.33
PRSS,1700,3.21
PRTA,9700,5.59
PRTK,1800,4.8
PRTO,9000,7.02
PRTS,1700,2.72
PRXI,7500,4.32
PRXL,3500,3.82
PSAU,1500,9.83
PSBH,6000,0.17
PSCC,300,1.18
PSCD,6200,0.61
PSCE,500,8.95
PSCF,9700,2.5
PSCH,5700,5.59
PSCI,400,0.99
PSCM,2600,6.19
PSCT,7700,9.48
PSCU,1200,7.62
PSDV,6000,3.16
PSEC,2800,5.12
PSEM,7700,3.39
PSIX,8300,9.41
PSMT,5200,6.78
PSTB,7900,8.29
PSTI,1000,7.86
PSUN,3700,9.16
PTC,400,1.68
PTCT,6500,1.99
PTEN,7200,2.03
PTIE,3800,2.23
PTLA,8900,5.28
PTNR,1900,2.74
PTNT,1000,0.84
PTSI,1100,7.02
PTX,7600,4.2
PTXP,6600,6.33
PUB,3600,7.97
PULB,8500,2.51
PULM,9600,8.65
PVBC,3500,4.11
PVTB,8200,1.74
PVTBP,6100,5.4
PWOD,2400,1.11
PWX,8500,2.42
PXLW,6500,7.58
PYDS,1600,6.28
PYPL,1400,8.7
PZZA,100,5.53
QABA,2800,9.26
QADA,4200,2.7
QADB,7800,0.01
QAT,2000,4.73
QBAK,7100,3.88
QCCO,7700,0.45
QCLN,2600,4.64
QCOM,300,7.52
QCRH,6100,4.91
QDEL,6000,7.7
QGEN,400,2.27
QINC,1800,4.39
QIWI,5800,7.03
QKLS,6800,6.02
QLGC,8800,3.86
QLIK,9200,4.3
QLTI,8800,6.62
QLYS,1900,1.31
QNST,1600,1.63
QPAC,5000,4.22
QPACU,8400,7.14
QPACW,9300,9.56
QQEW,2100,9.71
QQQ,1200,6.5
QQQC,9400,1.55
QQQX,3900,9.74
QQXT,2200,6.61
QRHC,1500,6.75
QRVO,8400,9.3
QSII,8400,5.15
QTEC,5100,8.88
QTNT,4900,6.23
QTNTW,5800,1.77
QTWW,4100,3.54
QUIK,4100,7.86
QUMU,9700,4.21
QUNR,6800,5.89
QURE,7700,7.47
QVCA,900,3.79
QVCB,3600,5.6
QYLD,9700,7.97
RADA,7500,7.01
RAIL,2800,6.84
RAND,9200,1.1
RARE,1800,0.85
RAVE,7600,7.22
RAVN,2300,4.46
RBCAA,1800,4.27
RBCN,8300,5.15
RBPAA,2600,0.83
RCII,2400,6.79
RCKY,9300,4.07
RCMT,8700,2.26
RCON,2900,4.85
RCPI,6700,5.12
RDCM,2000,4.64
RDEN,6800,1.49
RDHL,200,0.56
RDI,3800,0.74
RDIB,2600,1.01
RDNT,1800,4.11
RDUS,6200,2.96
RDVY,2600,6.06
RDWR,4900,6.41
RECN,8800,1.92
REDF,500,3.46
REFR,6700,9.95
REGI,1900,5.76
REGN,8100,5.81
REIS,5000,7.73
RELL,8900,4.66
RELV,800,7.85
RELY,6400,8.06
REMY,6900,1.62
RENT,5000,6.38
REPH,1300,5.12
RESN,3600,7.69
REXI,4300,7.53
REXX,8800,3.68
RFIL,1900,1.03
RGCO,6900,5.99
RGEN,5400,4.09
RGLD,8100,8.3
RGLS,3400,5.28
RGSE,9200,2.18
RIBT,2300,3
RIBTW,9400,0.11
RICK,8300,8.02
RIGL,1600,0.3
RILY,6500,0.13
RITT,5000,4.98
RITTW,4400,5.25
RIVR,9900,5.48
RJET,4300,3.51
RKDA,3700,9.96
RLJE,6100,8.75
RLOC,1400,3.93
RLOG,7100,8.27
RLYP,7900,9.93
RMBS,6400,4.14
RMCF,5900,5.66
RMGN,7100,8.21
RMTI,5500,3.79
RNET,7400,0.32
RNST,2000,2.89
RNWK,900,5.32
ROBO,5100,1.1
ROCK,8800,2.67
ROIA,1100,6.16
ROIAK,2700,1.4
ROIC,8700,6.35
ROIQ,6300,1.57
ROIQU,9000,6.21
ROIQW,5300,7.94
ROKA,6600,9.24
ROLL,3700,5.35
ROSG,1700,4.21
ROST,6100,0.67
ROVI,600,3.3
ROYL,5200,9.3
RP,5900,3.79
RPD,8000,1.45
RPRX,3800,0.9
RPRXW,8600,2.15
RPRXZ,8700,3.86
RPTP,8000,0.51
RPXC,200,1.42
RRD,6200,0.42
RRGB,6700,8.47
RRM,9800,8.64
RSTI,1800,2.23
RSYS,200,9.62
RTIX,9800,4.53
RTK,5900,9.84
RTRX,4100,9.12
RTTR,6000,2.96
RUN,9800,2.97
RUSHA,6100,1.51
RUSHB,5000,9.5
RUTH,3500,3.85
RVLT,9700,0.3
RVNC,1000,4.87
RVSB,5200,0.12
RWLK,3100,9.61
RXDX,8200,9.79
RXII,2000,7.77
RYAAY,8500,8.19
SAAS,5700,8.3
SABR,900,1.44
SAEX,1600,2.15
SAFM,3500,7.35
SAFT,4200,7.42
SAGE,9700,9.12
SAIA,4500,5.05
SAJA,7000,9.4
SAL,6200,7.9
SALE,6600,1.52
SALM,1500,0.02
SAMG,4700,5.51
SANM,9400,8.57
SANW,1600,1.58
SASR,1500,9.74
SATS,6500,4.81
SAVE,3700,9.45
SBAC,4200,0.53
SBBX,5400,9.38
SBCF,600,3.66
SBCP,5200,1.08
SBFG,2500,5.24
SBFGP,2600,6.32
SBGI,4700,4.84
SBLK,4700,7.1
SBLKL,1000,1.18
SBNY,8100,5.98
SBNYW,800,2.95
SBRA,6500,3.03
SBRAP,1400,6.44
SBSA,9100,8.02
SBSI,2300,9.93
SBUX,5600,8.97
SCAI,400,3.98
SCHL,3500,6.76
SCHN,9500,5.99
SCLN,9000,4.97
SCMP,100,7.46
SCON,7900,5.44
SCOR,6900,3.1
SCSC,5500,9.83
SCSS,1300,6.03
SCTY,2900,3.98
SCVL,1400,8.44
SCYX,7300,9.55
SEAC,2300,6.98
SEDG,6200,9.04
SEED,7400,9.32
SEIC,7200,0.06
SEMI,2000,4.1
SENEA,7300,5.35
SENEB,5300,6.81
SEV,1200,6.42
SFBC,1900,2.77
SFBS,5900,2.91
SFLY,9000,0.67
SFM,1900,4.07
SFNC,2000,8.44
SFST,6600,9.17
SFXE,5100,3.36
SGBK,9200,8.36
SGC,1900,6.04
SGEN,3500,2.02
SGI,1600,9.05
SGMA,6800,7.74
SGMO,5400,4.2
SGMS,8800,7.9
SGNL,2300,4.85
SGNT,2100,4.95
SGOC,2600,5.39
SGRP,4500,8.34
SGYP,7800,3.8
SGYPU,6700,2.06
SGYPW,600,2.7
SHBI,7100,8.85
SHEN,6200,4.73
SHIP,3300,5.58
SHLD,8200,6.55
SHLDW,8100,8.98
SHLM,7200,1.15
SHLO,6400,8.22
SHOO,8400,9.13
SHOR,7900,9.87
SHOS,1800,1.73
SHPG,9100,2.85
SIAL,2800,7.84
SIBC,9600,5.62
SIEB,5400,8.56
SIEN,3400,9.28
SIFI,300,1.26
SIFY,5700,2.48
SIGI,2700,4.9
SIGM,5800,1.06
SILC,6200,0.87
SIMO,9700,9.64
SINA,8600,1.04
SINO,6400,4.47
SIRI,7500,3.5
SIRO,9500,6.97
SITO,9700,6.95
SIVB,7600,6.12
SIVBO,5900,6.56
SIXD,9600,4.04
SKBI,2500,6.56
SKIS,7900,8.46
SKLN,6500,2.14
SKLNU,5400,3.61
SKOR,1500,6.34
SKUL,8100,5.01
SKYS,3900,9.45
SKYW,4300,8.57
SKYY,5800,3.46
SLAB,6800,4.21
SLCT,9500,5.9
SLGN,800,5.22
SLM,4300,8.61
SLMAP,1100,8.26
SLMBP,4200,5.93
SLP,6200,6.51
SLRC,4000,4.78
SLTC,3500,9.89
SLTD,7100,7.49
SLVO,1100,9.3
SMAC,9200,2.82
SMACR,3000,1.67
SMACU,6800,6.89
SMBC,8800,2.53
SMCI,7500,9.13
SMCP,6400,0.08
SMED,8000,2.47
SMIT,2000,2.97
SMLR,3800,3.67
SMMF,3100,5.24
SMMT,1700,2.62
SMRT,5100,9.78
SMSI,8300,7.36
SMT,2500,8.36
SMTC,600,4.95
SMTP,5800,6.23
SMTX,9400,0.27
SNAK,2700,8.29
SNBC,9100,4.2
SNC,8100,6.09
SNCR,5500,9.97
SNDK,8100,6.3
SNFCA,2500,7.08
SNHY,7400,7.44
SNMX,5900,0.46
SNPS,5000,0.51
SNSS,1700,2.44
SNTA,4100,0.5
SOCB,2600,6.33
SOCL,3600,6.57
SODA,3300,2.24
SOFO,8800,1.13
SOHO,5700,3.64
SOHOL,2000,8.38
SOHOM,2700,6.38
SOHU,3200,7.28
SONA,9600,4.48
SONC,2800,5.66
SONS,6100,5.07
SORL,5400,9.94
SOXX,6000,1.54
SP,1800,9.64
SPAN,4800,8.95
SPAR,4400,0.54
SPCB,1900,8.88
SPDC,4100,6.67
SPEX,5900,8.68
SPHS,400,3.79
SPIL,2900,2.31
SPKE,8900,6.4
SPLK,4200,5.32
SPLS,4900,7.24
SPNC,4700,2.81
SPNE,4200,9.59
SPNS,9200,6.32
SPOK,2200,2.25
SPPI,4400,4.76
SPRO,8000,7.18
SPRT,1300,9.09
SPSC,4500,6.98
SPTN,500,1.17
SPU,4700,4.49
SPWH,4600,2.8
SPWR,8400,6.08
SQBG,2500,5.24
SQBK,6400,5.47
SQI,2700,3.7
SQNM,9000,1.93
SQQQ,2200,2.89
SRCE,1500,7.25
SRCL,9000,8.39
SRDX,2700,9.51
SRET,8800,8.2
SREV,9700,4.39
SRNE,4300,3.53
SRPT,5100,1.35
SRSC,900,9.3
SSB,7000,1.44
SSBI,6000,0.17
SSFN,8900,7.45
SSH,3900,0.43
SSNC,7900,4.44
SSRG,7500,9.81
SSRI,6100,4.64
SSYS,5700,7.29
STAA,3600,8.41
STB,8300,3.89
STBA,4500,6.32
STBZ,9300,3.55
STCK,5800,8.77
STDY,3900,8.96
STEM,1300,6.07
STFC,9100,3.67
STKL,1900,0.16
STKS,9500,5.48
STLD,1200,6.02
STLY,5000,4.54
STML,100,7.54
STMP,1700,1.3
STNR,9300,3.41
STPP,2000,2.24
STRA,3200,2.33
STRL,6100,5.83
STRM,5100,2.46
STRS,5800,2.81
STRT,2400,0.4
STRZA,1100,0.3
STRZB,1200,3.74
STX,2400,8.84
STXS,500,8.07
SUBK,6800,8.27
SUMR,9400,2.85
SUNS,2400,8.35
SUPN,8600,5.23
SURG,8900,4.83
SVA,1300,6.57
SVBI,7200,0.81
SVVC,8700,2.67
SWHC,3100,6.64
SWIR,1500,9.07
SWKS,8700,9.98
SWSH,5900,6.86
SXCL,8200,6.01
SYBT,3300,8.3
SYKE,1700,6.1
SYMC,6900,6.6
SYMX,2300,6.93
SYNA,8000,0.12
SYNC,3200,3.97
SYNL,1300,4.31
SYNT,8000,6.4
SYPR,500,7.67
SYRX,9200,0.74
SYUT,9200,5.65
SZMK,1500,3.1
SZYM,2300,4.73
TACO,5000,2.76
TACOW,4200,1.25
TACT,5500,4.6
TAIT,3600,7.93
TANH,4500,9.69
TAPR,2500,4.04
TASR,8900,2.06
TAST,2600,7.71
TATT,7100,3.55
TAX,400,8.67
TAXI,8100,2.27
TAYD,9700,8.34
TBBK,9400,2.61
TBIO,5200,1.19
TBK,2800,9.8
TBNK,1500,2.12
TBPH,8600,0.35
TBRA,2600,7
TCBI,600,6.04
TCBIL,1800,9.46
TCBIP,1900,2.82
TCBIW,4900,3.74
TCBK,5000,3.86
TCCO,400,5.23
TCFC,6800,7.26
TCON,600,7.18
TCPC,2500,9.85
TCRD,3100,0.84
TCX,8600,2.34
TDIV,9600,9.58
TEAR,1400,4.56
TECD,100,9.02
TECH,6100,9.06
TECU,1200,3.77
TEDU,3600,4.93
TENX,6500,9.71
TERP,3900,4.29
TESO,6700,1.46
TESS,5800,4.69
TFM,5500,1.34
TFSC,3600,6.63
TFSCR,5700,5.91
TFSCU,6500,0.23
TFSCW,300,2.47
TFSL,4000,0.02
TGA,4300,0.09
TGEN,800,3.1
TGLS,9600,5.84
TGTX,6100,5.48
THFF,8700,4.11
THLD,5500,7.49
THOR,8600,4.32
THRM,5800,6.03
THRX,7500,7.81
THST,3900,6.69
THTI,6800,1.37
TICC,2900,6.37
TIGR,3300,4.52
TIL,2500,4.33
TILE,3500,7.11
TINY,4200,7.65
TIPT,7400,6.15
TISA,7900,1.79
TITN,3700,7.27
TIVO,5500,7.27
TKAI,3100,6.89
TLF,4000,1.99
TLMR,4300,8.89
TLOG,9800,2.45
TNAV,8600,8.3
TNDM,9500,3.89
TNGO,4200,1.4
TNXP,9400,9.7
TOPS,400,1.47
TOR,3100,1.64
TORM,5100,0.69
TOUR,3900,0.35
TOWN,1100,0.15
TQQQ,5000,0.42
TRAK,8400,1.71
TRCB,5400,0.62
TRCH,3400,7.92
TREE,600,9.6
TRIB,4100,0.11
TRIL,8900,9.38
TRIP,1600,4.75
TRIV,1300,8.02
TRMB,8300,3.07
TRMK,4100,7.74
TRNS,7300,8.68
TRNX,3600,3.56
TROV,800,3.56
TROVU,6800,0.3
TROVW,9200,7.18
TROW,2300,6.08
TRS,6100,9.85
TRST,5900,3.03
TRTL,1200,1.83
TRTLU,1200,4.05
TRTLW,6400,1.42
TRUE,2300,0.76
TRVN,6900,9.23
TSBK,3900,8.73
TSC,5600,6.55
TSCO,3400,3.37
TSEM,6300,4.52
TSLA,4800,8.46
TSRA,9300,4.87
TSRE,9800,2.69
TSRI,1200,3.07
TSRO,7800,8.51
TST,300,0.02
TSYS,900,8.76
TTEC,8200,7.41
TTEK,600,5.05
TTGT,6300,8.31
TTHI,1100,7.78
TTMI,7000,6.69
TTOO,2600,0.38
TTPH,2400,1.65
TTS,1200,3.8
TTWO,3400,0.66
TUBE,2700,3.35
TUES,8100,1.76
TUSA,3800,1.05
TUTI,5300,5.49
TUTT,5700,0.77
TVIX,2300,8.08
TVIZ,2300,5.02
TW,2400,3.53
TWER,5300,4.9
TWIN,800,5.83
TWMC,3200,7.42
TWOU,3900,5.74
TXN,2300,4.22
TXRH,3900,1.81
TYPE,7500,7.92
TZOO,6100,9.64
UACL,6100,0.02
UAE,2000,4.5
UBCP,4500,5.46
UBFO,2400,3.37
UBIC,1200,9.89
UBIO,3100,3.99
UBND,5700,4.84
UBNK,900,0.64
UBNT,2100,9.96
UBOH,5100,9.21
UBSH,5300,5.83
UBSI,3000,3.1
UCBA,9600,8.76
UCBI,2100,8.51
UCFC,4500,2.69
UCTT,8700,0.58
UDF,8600,2.84
UEIC,8900,0.3
UEPS,9400,9.22
UFCS,7300,0.72
UFPI,8700,1.1
UFPT,4300,5.76
UG,1600,1.75
UGLD,1400,9.29
UHAL,3700,8.84
UIHC,300,1.67
UK,1300,6.95
ULBI,5100,8.83
ULTA,8300,3.83
ULTI,3100,4.96
ULTR,2700,6.59
UMBF,5500,7.45
UMPQ,9400,0.66
UNAM,1800,8.25
UNB,4900,1.52
UNFI,8000,2.71
UNIS,9800,2.93
UNTD,7600,5.74
UNTY,5800,4.48
UNXL,9900,4.6
UPIP,8100,0.22
UPLD,7700,2.28
URBN,700,4.7
URRE,3200,4.35
USAK,2500,4.81
USAP,7700,5.36
USAT,500,7.79
USATP,7200,9.28
USBI,9600,8.4
USCR,6600,6.59
USEG,9000,7.73
USLM,900,7.96
USLV,4700,1.98
USMD,2700,3.97
UTEK,800,0.07
UTHR,2900,9.81
UTIW,6600,5.66
UTMD,3500,1.14
UTSI,400,2.12
UVSP,400,0.94
VA,3700,0.01
VALU,7000,7.49
VALX,8200,4.37
VASC,1100,8.86
VBFC,7700,1.95
VBIV,500,2.24
VBLT,3000,0.66
VBND,5700,6.71
VBTX,300,3.27
VCEL,2800,6.85
VCIT,5000,6.61
VCLT,700,1.17
VCSH,5600,3.29
VCYT,4300,1.8
VDSI,9300,5.86
VDTH,6100,8.88
VECO,7800,9.85
VGGL,4200,0.82
VGIT,5200,3.86
VGLT,2800,8.16
VGSH,5900,5.28
VIA,2400,7.14
VIAB,9500,7.19
VIAV,9600,6.21
VICL,6900,6.42
VICR,7100,7.95
VIDI,8900,8.58
VIIX,9700,0.4
VIIZ,7600,7.55
VIMC,4300,4.45
VIP,5500,5.76
VIRC,8100,7.54
VIRT,3900,8.39
VISN,2700,9.6
VIVO,7700,8.19
VKTX,8400,8.47
VLGEA,9200,2.5
VLTC,4800,4.12
VMBS,2900,0.37
VNDA,5200,9.73
VNET,3900,1.18
VNOM,9100,1.91
VNQI,9600,8.95
VNR,6700,4.87
VNRAP,2600,9.38
VNRBP,5600,8.86
VNRCP,4700,4.47
VOD,1600,7.37
VONE,100,3.75
VONG,5700,8.52
VONV,7900,4.72
VOXX,9200,7.75
VPCO,1900,8.86
VPCOU,8200,9.52
VRA,8500,6.51
VRML,6300,2.14
VRNG,100,4.13
VRNS,8200,5.41
VRNT,6600,6.28
VRSK,4500,1.03
VRSN,8200,8.33
VRTA,9500,2.35
VRTB,9400,8.55
VRTS,7600,8.52
VRTU,1000,9.42
VRTX,1500,1.34
VSAR,5300,8.49
VSAT,8200,2.96
VSCP,7900,7.61
VSEC,1100,0.24
VSTM,2400,6.27
VTAE,500,3.27
VTHR,4600,7.34
VTIP,8900,0.32
VTL,7300,7.69
VTNR,900,6.62
VTVT,1400,3.97
VTWG,4600,7.98
VTWO,900,3.13
VTWV,3900,1.69
VUSE,9600,6.8
VUZI,6600,8.65
VVUS,700,0.31
VWOB,4200,8
VWR,3200,0.87
VXDN,8300,9.83
VXUP,1700,2.06
VXUS,7000,8.93
WABC,5800,6.6
WAFD,9100,4.01
WAFDW,1000,2.64
WASH,1200,9.56
WATT,8100,5.71
WAVX,8000,3.21
WAYN,2500,7.98
WB,4800,7.51
WBA,5200,6.09
WBB,8300,6.72
WBKC,8300,3.47
WBMD,5700,6.69
WDC,3300,5.42
WDFC,3600,9.28
WEBK,7400,9.7
WEN,4900,2.15
WERN,2100,8.76
WETF,4100,2.75
WEYS,4500,9.77
WFBI,4900,1.75
WFD,2900,7.83
WFM,2000,1.27
WGBS,7800,7.09
WHF,5000,1.57
WHFBL,4000,2.55
WHLM,800,7.02
WHLR,400,7.33
WHLRP,8400,2.71
WHLRW,5700,3.44
WIBC,7800,2.46
WIFI,6600,3.3
WILC,1100,0.27
WILN,2700,6.03
WIN,1800,3.69
WINA,4300,9.39
WING,4800,5.49
WIRE,6400,7.09
WIX,5100,5.94
WLB,4200,0.24
WLDN,3100,8.64
WLFC,4300,3.73
WLRH,2100,8.13
WLRHU,1000,7.57
WLRHW,7200,5.31
WMAR,6700,2.75
WMGI,6500,1.37
WMGIZ,100,7.34
WOOD,9400,0.41
WOOF,4400,8.84
WOWO,8100,4.7
WPCS,8100,6.81
WPPGY,3700,8.04
WPRT,6300,6.74
WRES,5800,6.13
WRLD,700,4.46
WSBC,400,7.12
WSBF,2700,7.92
WSCI,8200,3.36
WSFS,3800,1.39
WSFSL,3800,3.28
WSTC,2000,5.63
WSTG,2600,7.66
WSTL,8500,0.53
WTBA,7100,7.35
WTFC,5200,5.89
WTFCM,7700,0.11
WTFCW,4500,0.17
WVFC,3100,7.56
WVVI,500,1.95
WWD,4400,3.38
WWWW,1700,3.93
WYIGU,5500,5.87
WYNN,5400,8.85
XBIT,900,8.4
XBKS,500,7.94
XCRA,4800,4.84
XELB,8800,9.34
XENE,9600,6.55
XENT,5000,0.17
XGTI,7700,5.55
XGTIW,1000,3.53
XIV,5500,4.67
XLNX,1800,7.5
XLRN,4600,1.63
XNCR,3600,9.87
XNET,8600,3.96
XNPT,8000,0.89
XOMA,1100,9.67
XONE,600,5.44
XOOM,1600,5.85
XPLR,8800,4.64
XRAY,900,3.59
XTLB,7800,6.14
XXIA,8700,2.05
YCB,4100,9.62
YDIV,4800,6.67
YDLE,3300,5.42
YECO,9600,6.97
YHOO,6000,2.46
YLCO,4000,4.15
YNDX,7200,6.57
YOD,5400,8.06
YORW,6600,0.21
YPRO,1200,6.91
YRCW,5600,2.46
YY,900,5.41
Z,5900,5.19
ZAGG,4900,2.22
ZAIS,8700,5.29
ZAZA,8800,0.45
ZBIO,6800,3.53
ZBRA,3600,9.34
ZEUS,6700,4.08
ZFGN,3900,8.95
ZG,7800,5.31
ZGNX,1300,8.79
ZHNE,2000,4.31
ZINC,7100,9.46
ZION,7100,9.76
ZIONW,7800,1.42
ZIONZ,6900,6.75
ZIOP,9100,0.38
ZIV,8200,4.87
ZIXI,4200,3.68
ZJZZT,9700,9.08
ZLTQ,8900,6.95
ZN,6900,8.3
ZNGA,300,9.72
ZNWAA,8700,8.11
ZSAN,1500,1.12
ZSPH,3200,6.86
ZU,3000,6.41
ZUMZ,1000,3.55
ZVZZT,2500,9.45
ZWZZT,3100,3.61
ZXYZ.A,9100,8.53
ZXZZT,4500,0.04
ZYNE,9600,0.95
